{
  "source": {
    "precision": 0.9236742844464166,
    "recall": 0.9495894160583942,
    "f1-score": 0.9364525925092791,
    "support": 4384
  },
  "destination": {
    "precision": 0.9413680781758957,
    "recall": 0.9466787989080983,
    "f1-score": 0.9440159695127484,
    "support": 5495
  },
  "micro avg": {
    "precision": 0.9334197149406958,
    "recall": 0.9479704423524649,
    "f1-score": 0.9406388107673765,
    "support": 9879
  },
  "macro avg": {
    "precision": 0.9325211813111562,
    "recall": 0.9481341074832462,
    "f1-score": 0.9402342810110138,
    "support": 9879
  },
  "weighted avg": {
    "precision": 0.9335161101922904,
    "recall": 0.9479704423524649,
    "f1-score": 0.9406595726321725,
    "support": 9879
  }
}