{
  "destination": {
    "precision": 0.9849583182312432,
    "recall": 0.989080982711556,
    "f1-score": 0.9870153455007719,
    "support": 5495
  },
  "source": {
    "precision": 0.9717965800577393,
    "recall": 0.9981751824817519,
    "f1-score": 0.9848092719702937,
    "support": 4384
  },
  "micro avg": {
    "precision": 0.9790440075840734,
    "recall": 0.9931167122178358,
    "f1-score": 0.9860301507537688,
    "support": 9879
  },
  "macro avg": {
    "precision": 0.9783774491444912,
    "recall": 0.9936280825966539,
    "f1-score": 0.9859123087355328,
    "support": 9879
  },
  "weighted avg": {
    "precision": 0.9791175387846757,
    "recall": 0.9931167122178358,
    "f1-score": 0.9860363571054266,
    "support": 9879
  }
}